alpha,width,tc,th,protocol,tau,W,Qh,Qc,eta,W_ad,D_open,D_close,bound,leakage_open,leakage_close,sigma,norm_error,thermal_tail,identity_error
2.2,0.5,0.015587995106625372,0.12544672886053862,linear_J,0,-0.0991280151938061,-0.03038506800255325,-0.06874294719125285,,0.003552462157473794,0.03629620908064257,0.06638426827063715,0.07679006895136052,0.04125718474123843,0.037718883012193095,4.652207773345378,2.220446049250313e-15,3.913634480011506e-26,-1.6653345369377348e-16
2.2,0.5,0.015587995106625372,0.12544672886053862,linear_J,5,-0.0027170375652358913,0.0031581026778612076,-0.005875140243097099,,0.003552462157473794,0.002753038400228114,0.003516461322481401,0.005811878207819322,0.003151879675121099,0.0028602685060191797,0.351726745811708,7.837364091045629e-11,3.913634480011506e-26,-1.704365815147213e-16
2.2,0.5,0.015587995106625372,0.12544672886053862,linear_J,10,0.000200735956916831,0.0044476281172439736,-0.0042468921603271426,0.045133260161422724,0.003552462157473794,0.0014635129608453479,0.0018882132397114448,0.003192910517634688,0.0017380151465083505,0.001572575044421181,0.23699201930529337,4.388596153148683e-10,3.913634480011506e-26,-1.704365815147213e-16
2.2,0.5,0.015587995106625372,0.12544672886053862,linear_J,20,0.0034291511725859647,0.005855588545772894,-0.0024264373731869293,0.5856202405241474,0.003552462157473794,5.555253231642743e-05,6.775845257123159e-05,7.532613595108848e-05,3.559075262572888e-05,3.608365738226787e-05,0.10898275555746009,3.154081218426086e-09,3.913634480011506e-26,-1.704365815147213e-16
2.2,0.5,0.015587995106625372,0.12544672886053862,linear_J,40,0.0035207163191502966,0.005897265434444465,-0.0023765491152941687,0.5970082843120246,0.003552462157473794,1.3875643644856162e-05,1.7870194678470952e-05,2.5582597739053295e-05,1.1783458051215107e-05,1.2197813596593226e-05,0.10545009965277574,2.2421628442792496e-08,3.913634480011506e-26,-1.704365815147213e-16
2.2,0.5,0.015587995106625372,0.12544672886053862,linear_J,80,0.0035387147231726868,0.005905100705057342,-0.0023663859818846555,0.5992640769262416,0.003552462157473794,6.040373031979129e-06,7.707061268957816e-06,1.1427490327883812e-05,6.024457181933768e-06,5.591492948058892e-06,0.10473565606356008,1.2162231122214706e-07,3.913634480011506e-26,-1.704365815147213e-16
2.2,0.5,0.015587995106625372,0.12544672886053862,smooth_b,0,-0.0991280151938061,-0.03038506800255325,-0.06874294719125285,,0.003552462157473794,0.03629620908064257,0.06638426827063715,0.07679006895136052,0.04125718474123843,0.037718883012193095,4.652207773345378,2.220446049250313e-15,3.913634480011506e-26,-1.6653345369377348e-16
2.2,0.5,0.015587995106625372,0.12544672886053862,smooth_b,5,-0.025753228982739906,-0.006508712983561593,-0.019244515999178313,,0.003552462157473794,0.012419854061650915,0.016885837078562616,0.02855129286817804,0.015496139786073749,0.014053593819584449,1.286457157396374,4.787237828374202e-09,3.913634480011506e-26,-1.700029006457271e-16
2.2,0.5,0.015587995106625372,0.12544672886053862,smooth_b,10,-0.00026370834790401254,0.004255568042155766,-0.004519276390059779,,0.003552462157473794,0.0016555730359335552,0.002160597469444081,0.0038120087564094646,0.0020891178202942324,0.001880141982667921,0.25599700288567667,1.679231609319487e-08,3.913634480011506e-26,-1.704365815147213e-16
2.2,0.5,0.015587995106625372,0.12544672886053862,smooth_b,20,0.00339447377820451,0.005842639177226994,-0.002448165399022484,0.5809829556881141,0.003552462157473794,6.850190086232777e-05,8.948647840678614e-05,0.0001579549615383689,8.663725634821004e-05,7.791940870606449e-05,0.11047987642640622,5.091333432627465e-08,3.913634480011506e-26,-1.704365815147213e-16
2.2,0.5,0.015587995106625372,0.12544672886053862,smooth_b,40,0.0035514489410136685,0.005910701851340572,-0.0023592529103269033,0.6008506316738316,0.003552462157473794,4.3922674874963263e-07,5.739897112055914e-07,1.012408949964696e-06,5.54689420812243e-07,4.993082220161836e-07,0.10423340614284957,1.2787409975345554e-07,3.913634480011506e-26,-1.704365815147213e-16
2.2,0.5,0.015587995106625372,0.12544672886053862,smooth_b,80,0.0035524458210158816,0.005911133995567863,-0.0023586881745519817,0.6009753498532577,0.003552462157473794,7.0825214582015406e-09,9.253936283926123e-09,1.632664194058698e-08,8.946769228685125e-09,8.052400169581305e-09,0.10419373240936108,2.8005609331582804e-07,3.913634480011506e-26,-1.704365815147213e-16
2.6,0.5,0.0061944801692219355,0.04821766925026458,linear_J,0,-0.03991631946786556,-0.012700876704957564,-0.027215442762907993,,0.001524724126808466,0.014611263338197678,0.02682978025647642,0.028253212227086523,0.016447136527379485,0.015114995678535385,4.656906159690673,1.6653345369377348e-15,6.346299838785945e-57,7.632783294297951e-17
2.6,0.5,0.0061944801692219355,0.04821766925026458,linear_J,5,-0.0017644942654380658,0.00038207616800994826,-0.002146570433448014,,0.001524724126808466,0.001528310465230165,0.0017609079270164418,0.0029029132410473496,0.0017031139063550355,0.0015534345168242319,0.3386055646171798,3.407085724660419e-11,6.346299838785945e-57,7.502679033599691e-17
2.6,0.5,0.0061944801692219355,0.04821766925026458,linear_J,10,0.00032891750902247496,0.0013798123401844165,-0.0010508948311619415,0.23837843701159686,0.001524724126808466,0.0005305742930556967,0.0006652323247303693,0.0011548372481644327,0.0006733380340297943,0.0006178528915466005,0.1410338832846326,1.9213797219919115e-10,6.346299838785945e-57,7.502679033599691e-17
2.6,0.5,0.0061944801692219355,0.04821766925026458,linear_J,20,0.0013732642333232903,0.0018424420866095526,-0.00046917785328626227,0.7453500130635641,0.001524724126808466,6.79445466305606e-05,8.351534685469009e-05,0.00013875287229880523,7.920871075625217e-05,7.418028638787915e-05,0.03753034729031812,1.299824581302289e-09,6.346299838785945e-57,7.502679033599691e-17
2.6,0.5,0.0061944801692219355,0.04821766925026458,linear_J,40,0.0014349647976258373,0.0018701235515846681,-0.00043515875395883086,0.767310157882299,0.001524724126808466,4.026308165544501e-05,4.9496247527258674e-05,8.331718446707077e-05,4.84453505186861e-05,4.4571491015158e-05,0.03146441262568857,9.769237863110902e-09,6.346299838785945e-57,7.502679033599691e-17
2.6,0.5,0.0061944801692219355,0.04821766925026458,linear_J,80,0.001518736375955454,0.0019076907112828279,-0.0003889543353273739,0.7961124761855022,0.001524724126808466,2.6959219572852966e-06,3.2918288958017072e-06,4.783063446473383e-06,2.7173025698521453e-06,2.556706736525603e-06,0.023226330313850983,6.566441057564987e-08,6.346299838785945e-57,7.502679033599691e-17
2.6,0.5,0.0061944801692219355,0.04821766925026458,smooth_b,0,-0.03991631946786556,-0.012700876704957564,-0.027215442762907993,,0.001524724126808466,0.014611263338197678,0.02682978025647642,0.028253212227086523,0.016447136527379485,0.015114995678535385,4.656906159690673,1.6653345369377348e-15,6.346299838785945e-57,7.632783294297951e-17
2.6,0.5,0.0061944801692219355,0.04821766925026458,smooth_b,5,-0.009495726651521041,-0.002820087653879144,-0.006675638997641897,,0.001524724126808466,0.004730474287119257,0.006289976491210325,0.01052708981151741,0.006171361629190769,0.0056332026384331895,1.136162019184255,3.0533099382168416e-09,6.346299838785945e-57,7.45931094670027e-17
2.6,0.5,0.0061944801692219355,0.04821766925026458,smooth_b,10,4.2818146106404775e-05,0.0012451373757739193,-0.0012023192296675145,0.034388290753693755,0.001524724126808466,0.0006652492574661939,0.0008166567232359423,0.0014776511951263137,0.0008769035930882385,0.0007910549017403735,0.1682719991942414,1.126887283486866e-08,6.346299838785945e-57,7.502679033599691e-17
2.6,0.5,0.0061944801692219355,0.04821766925026458,smooth_b,20,0.0014574821536652016,0.0018802443512858091,-0.0004227621976206075,0.7751557145583229,0.001524724126808466,3.0142281954304018e-05,3.709969118903533e-05,6.72037111843345e-05,3.99094696222759e-05,3.597814151024496e-05,0.029253288220047816,3.502412049272152e-08,6.346299838785945e-57,7.502679033599691e-17
2.6,0.5,0.0061944801692219355,0.04821766925026458,smooth_b,40,0.001524269729206884,0.0019101829841467466,-0.0003859132549398625,0.7979705304975037,0.001524724126808466,2.0364909336656467e-07,2.507485082903216e-07,4.538709015706233e-07,2.6928709833269274e-07,2.429761226904547e-07,0.022683708442989184,9.683472790289471e-08,6.346299838785945e-57,7.502679033599691e-17
2.6,0.5,0.0061944801692219355,0.04821766925026458,smooth_b,80,0.001524716387225511,0.0019103831642806046,-0.00038566677705509367,0.798120720352807,0.001524724126808466,3.4689595085346525e-09,4.270623521485106e-09,7.728767661092163e-09,4.5872893412775066e-09,4.1375884862800224e-09,0.022639766927754226,2.2793959597589009e-07,6.346299838785945e-57,7.502679033599691e-17
2.4,0.4,0.014721399230383594,0.0880809136680965,linear_J,0,-0.04960059366858738,-0.015151484396267956,-0.03444910927231942,,0.002534599981158144,0.018742049027497543,0.03339314462224785,0.035157484918730726,0.020927638151514806,0.019017616242056893,2.5120881040367093,9.992007221626409e-16,5.260267466811593e-34,-1.249000902703301e-16
2.4,0.4,0.014721399230383594,0.0880809136680965,linear_J,5,-0.0018938753264607922,0.0015532258317016434,-0.0034471011581624356,,0.002534599981158144,0.0020373387995279435,0.002391136508090863,0.0040435048980338095,0.002423443856270821,0.0021899336256650625,0.21652173032556404,1.8214540986605243e-11,5.260267466811593e-34,-1.2967057982926633e-16
2.4,0.4,0.014721399230383594,0.0880809136680965,linear_J,10,0.0011775055077157814,0.002980830682298763,-0.0018033251745829815,0.3950259619602783,0.002534599981158144,0.000609733948930824,0.000747360524511409,0.0013218826470300842,0.0007898396928818644,0.0007155277215438833,0.08865490044558812,9.583800419932231e-11,5.260267466811593e-34,-1.2967057982926633e-16
2.4,0.4,0.014721399230383594,0.0880809136680965,linear_J,20,0.0023221780249410573,0.0034944657962885928,-0.0011722877713475355,0.6645301915409787,0.002534599981158144,9.609883494099414e-05,0.000116323121275963,0.0002018623083999225,0.00011928907853580727,0.00010905081808366267,0.0399581854213665,6.579476963253228e-10,5.260267466811593e-34,-1.2967057982926633e-16
2.4,0.4,0.014721399230383594,0.0880809136680965,linear_J,40,0.0024340683488015546,0.003545277266218283,-0.0011112089174167283,0.6865664279617697,0.002534599981158144,4.5287365011303926e-05,5.524426734515586e-05,9.72991445720457e-05,5.828514844891857e-05,5.269158027131968e-05,0.03523232849687804,5.171574390949729e-09,5.260267466811593e-34,-1.2967057982926633e-16
2.4,0.4,0.014721399230383594,0.0880809136680965,linear_J,80,0.0025311797596208607,0.0035889626163979615,-0.0010577828567771008,0.7052677974565426,0.002534599981158144,1.6020148316253646e-06,1.8182067055283468e-06,1.8197095999861872e-06,9.698061615132389e-07,9.658475050727828e-07,0.031107217250927813,4.1341360335067634e-08,5.260267466811593e-34,-1.2967057982926633e-16
2.4,0.4,0.014721399230383594,0.0880809136680965,smooth_b,0,-0.04960059366858738,-0.015151484396267956,-0.03444910927231942,,0.002534599981158144,0.018742049027497543,0.03339314462224785,0.035157484918730726,0.020927638151514806,0.019017616242056893,2.5120881040367093,9.992007221626409e-16,5.260267466811593e-34,-1.249000902703301e-16
2.4,0.4,0.014721399230383594,0.0880809136680965,smooth_b,5,-0.011756678011020316,-0.0026435260700586327,-0.009113151940961683,,0.002534599981158144,0.00623409070128822,0.008057187290890111,0.013864504744470851,0.008294999896581189,0.00750654015383751,0.6490536254625179,2.597560055939141e-09,5.260267466811593e-34,-1.3010426069826053e-16
2.4,0.4,0.014721399230383594,0.0880809136680965,smooth_b,10,0.0004478231571988234,0.0026533235670510025,-0.002205500409852179,0.1687781930405683,0.002534599981158144,0.0009372410641785844,0.0011495357597806066,0.0020839555057033565,0.0012542619259548857,0.0011295127826381173,0.11969224369863911,9.1893556097844e-09,5.260267466811593e-34,-1.2967057982926633e-16
2.4,0.4,0.014721399230383594,0.0880809136680965,smooth_b,20,0.002449089513424485,0.003552206681157799,-0.001103117167733314,0.6894558040260861,0.002534599981158144,3.835795007178788e-05,4.7152517661741555e-05,8.546685504863519e-05,5.143609833498753e-05,4.632283081063059e-05,0.0346039984741531,2.910652774357203e-08,5.260267466811593e-34,-1.2967057982926633e-16
2.4,0.4,0.014721399230383594,0.0880809136680965,smooth_b,40,0.0025339703448764572,0.0035902821750115055,-0.0010563118301350483,0.7057858467261942,0.002534599981158144,2.824562180814283e-07,3.471800634757827e-07,6.289287648280745e-07,3.7864637473847635e-07,3.4090091032517405e-07,0.030992311664821345,8.652337146752842e-08,5.260267466811593e-34,-1.2967057982926633e-16
2.4,0.4,0.014721399230383594,0.0880809136680965,smooth_b,80,0.002534589675521892,0.003590560008648047,-0.001055970333126155,0.705903722376789,0.002534599981158144,4.622581539770465e-09,5.683054582483749e-09,1.0299815496485518e-08,6.199259569515678e-09,5.582568593903617e-09,0.030965960044694783,2.2586062919938144e-07,5.260267466811593e-34,-1.2967057982926633e-16
2.4,0.6,0.006960694763702722,0.07344775962652123,linear_J,0,-0.083636771894669,-0.02697392098593354,-0.05666285090873546,,0.0024702127748373903,0.029896621985485705,0.05621036268402069,0.06546190622449796,0.035068442731996254,0.03247787286098294,8.507654765508846,8.881784197001252e-16,1.3677112505628142e-40,0.0
2.4,0.6,0.006960694763702722,0.07344775962652123,linear_J,5,-0.0032507269390662508,0.00040887396470401516,-0.003659600903770266,,0.0024702127748373903,0.0025138270348481484,0.0032071126790554905,0.00519231269258156,0.0028057151966567476,0.00257838465785795,0.5201853779629461,1.2825984718745076e-10,1.3677112505628142e-40,-2.168404344971009e-18
2.4,0.6,0.006960694763702722,0.07344775962652123,linear_J,10,-0.0006205583665547243,0.0015948492060209318,-0.002215407572575656,,0.0024702127748373903,0.0013278517935312317,0.0017629193478608807,0.0029911049184085273,0.0016228680263142825,0.0014859436140719812,0.296559852861741,7.579337157892496e-10,1.3677112505628142e-40,-2.168404344971009e-18
2.4,0.6,0.006960694763702722,0.07344775962652123,linear_J,20,0.0022935384333705455,0.0028462190190652326,-0.000552680585694687,0.8058193758131091,0.0024702127748373903,7.6481980486931e-05,0.00010019236097991158,0.000149035411295743,6.798528216803726e-05,7.281163638453512e-05,0.04064859308668305,4.9926802692112915e-09,1.3677112505628142e-40,-2.168404344971009e-18
2.4,0.6,0.006960694763702722,0.07344775962652123,linear_J,40,0.0024061654661475806,0.0028946788325825423,-0.0004885133664349617,0.8312374551068502,0.0024702127748373903,2.802216696962123e-05,3.602514172018623e-05,5.3587355196670904e-05,2.7357760203189728e-05,2.6457885873017647e-05,0.030770299109497024,3.123719394260149e-08,1.3677112505628142e-40,-2.168404344971009e-18
2.4,0.6,0.006960694763702722,0.07344775962652123,linear_J,80,0.0024353120763128677,0.002907629779349774,-0.00047231770303690634,0.8375592015216843,0.0024702127748373903,1.507122020238949e-05,1.982947832213089e-05,3.214608102251204e-05,1.698047330431362e-05,1.5925844919150118e-05,0.028267239553799776,1.3592671732620687e-07,1.3677112505628142e-40,-2.168404344971009e-18
2.4,0.6,0.006960694763702722,0.07344775962652123,smooth_b,0,-0.083636771894669,-0.02697392098593354,-0.05666285090873546,,0.0024702127748373903,0.029896621985485705,0.05621036268402069,0.06546190622449796,0.035068442731996254,0.03247787286098294,8.507654765508846,8.881784197001252e-16,1.3677112505628142e-40,0.0
2.4,0.6,0.006960694763702722,0.07344775962652123,smooth_b,5,-0.022614993123514004,-0.0074661359417292905,-0.015148857181784714,,0.0024702127748373903,0.010388836941281454,0.014696368957069939,0.024168030061541484,0.0131043777371545,0.012005580575476824,2.2779950228012393,5.270217373620767e-09,1.3677112505628142e-40,0.0
2.4,0.6,0.006960694763702722,0.07344775962652123,smooth_b,10,-0.00077515190340538,0.0015304134354895416,-0.0023055653388949215,,0.0024702127748373903,0.001392287564062622,0.001853077114180146,0.0032409730540503773,0.0017873517048225091,0.0016128309509878989,0.31038956267343887,2.0151475044194456e-08,1.3677112505628142e-40,-2.168404344971009e-18
2.4,0.6,0.006960694763702722,0.07344775962652123,smooth_b,20,0.0023060770167698807,0.0028523537729663317,-0.000546276756196451,0.808482116989175,0.0024702127748373903,7.034722658583181e-05,9.378853148167554e-05,0.00016407674735289618,9.062785817001394e-05,8.166432074990732e-05,0.03964506907254169,5.550002124543596e-08,1.3677112505628142e-40,-2.168404344971009e-18
2.4,0.6,0.006960694763702722,0.07344775962652123,smooth_b,40,0.0024691643795884954,0.002922251771134754,-0.00045308739154625854,0.8449526505478623,0.0024702127748373903,4.492284174095751e-07,5.991668314830889e-07,1.0480212632445692e-06,5.780108152525421e-07,5.215390437531955e-07,0.025305459383540715,1.2756666245561377e-07,1.3677112505628142e-40,-2.168404344971009e-18
2.4,0.6,0.006960694763702722,0.07344775962652123,smooth_b,80,0.0024701962901602093,0.0029226939363000692,-0.00045249764613986,0.8451778886185082,0.0024702127748373903,7.063252094319239e-09,9.421425084532586e-09,1.6478744650548587e-08,9.084665645594615e-09,8.20014882941697e-09,0.025214714174178712,2.6651374396280403e-07,1.3677112505628142e-40,-2.168404344971009e-18
