protocol,tau,q,W,Qh,Qc,eta,W_ad,D_open,D_close,bound,leakage_open,leakage_close,sigma,norm_error,thermal_tail,identity_error
linear_J,0.0,0.0,-0.06525837443357752,-0.02056993275746699,-0.044688441676110524,,0.0025314649971111313,0.023774583119984427,0.04401525631070413,0.04855641110439233,0.027328898366190714,0.02505547295489061,4.725968327079389,1.3322676295501878e-15,3.098047219308876e-18,-8.326672684688674e-17
linear_J,0.2,0.004495404816160032,-0.06457049090430667,-0.02038002872212219,-0.044190462182184476,,0.0025314649971111313,0.023584679084639626,0.04351727681677808,0.04829126962212329,0.02718331310039387,0.024919097208479138,4.673796577244975,2.300892809614652e-11,3.098047219308876e-18,-8.326672684688674e-17
linear_J,0.240808262523186,0.005412653115589298,-0.064269232665084,-0.020296814591945322,-0.043972418073138675,,0.0025314649971111313,0.02350146495446276,0.04329923270773228,0.04817328190630671,0.02711846238297858,0.024858402283257135,4.650951989713184,1.6418422177366665e-11,3.098047219308876e-18,-8.326672684688674e-17
linear_J,0.28994309649717825,0.006517057962028839,-0.06384067669428861,-0.02017831753502919,-0.04366235915925942,,0.0025314649971111313,0.023382967897546625,0.04298917379385303,0.048003564261800975,0.027025112389137244,0.024771088529039025,4.618464885113807,1.3618994820774333e-11,3.098047219308876e-18,-8.326672684688674e-17
linear_J,0.34910346649038965,0.0078468070229953,-0.06323536852700129,-0.0200106119234863,-0.04322475660351499,,0.0025314649971111313,0.023215262286003735,0.0425515712381086,0.047760230390508765,0.026891141782053173,0.024645886159530835,4.572608309395077,2.7269408953145557e-11,3.098047219308876e-18,-8.326672684688674e-17
linear_J,0.42033499603186003,0.009447879827811156,-0.062388377406165485,-0.019775104938650145,-0.04261327246751534,,0.0025314649971111313,0.02297975530116758,0.04194008710210895,0.0474129186704933,0.026699680327718987,0.024467154735615088,4.50851605848466,1.3839707158069814e-11,3.098047219308876e-18,-8.326672684688674e-17
linear_J,0.5061007003606124,0.01137563762931531,-0.06121735964529984,-0.019447597901477764,-0.041769761743822076,,0.0025314649971111313,0.0226522482639952,0.04109657637841568,0.04692023240718654,0.026427634977887172,0.024213558185452247,4.420071148150679,3.762212763547268e-12,3.098047219308876e-18,-8.326672684688674e-17
linear_J,0.6093661515780331,0.013696737663043967,-0.05962259931929059,-0.01899766777630474,-0.040624931542985854,,0.0025314649971111313,0.022202318138822175,0.03995174617757946,0.04622704306989493,0.02604411210163828,0.0238566658986151,4.299964001502395,1.8562262837917842e-11,3.098047219308876e-18,-8.326672684688674e-17
linear_J,0.7337020210097325,0.0164914379943675,-0.057490633355877896,-0.01838884740367641,-0.039101785952201484,,0.0025314649971111313,0.021593497766193848,0.03842860058679509,0.04526221603315091,0.025509051611608925,0.02335976872121968,4.140039187766104,4.11448652926083e-12,3.098047219308876e-18,-8.326672684688674e-17
linear_J,0.8834075444455187,0.01985637264966246,-0.0547033884668634,-0.017580280160662376,-0.037123108306201025,,0.0025314649971111313,0.020784930523179812,0.03644992294079463,0.043937818640387816,0.02477268298657668,0.022677459323536566,3.932064332628382,2.4023005806839137e-12,3.098047219308876e-18,-8.326672684688674e-17
linear_J,0.8897975073614827,0.02,-0.05458045300506198,-0.01754429207441699,-0.03703616093064499,,0.0025314649971111313,0.020748942436934426,0.0363629755652386,0.04387779725114074,0.02473926630036226,0.02264653197557724,3.9229197439947114,1.1284639889197479e-11,3.098047219308876e-18,-8.326672684688674e-17
linear_J,1.0636591793889978,0.023907892988890636,-0.051154461420705954,-0.01653054180913055,-0.034623919611575404,,0.0025314649971111313,0.019735192171647986,0.03395073424616901,0.04215140388779447,0.023776734950952432,0.021756801073687194,3.6690237337716725,4.121814001223356e-12,3.098047219308876e-18,-8.326672684688674e-17
linear_J,1.2806895945275114,0.028786090856225063,-0.04677334256108939,-0.015204134764772503,-0.03156920779631689,,0.0025314649971111313,0.01840878512728994,0.030896022430910497,0.03979353126771582,0.022458660020357367,0.020541205788703845,3.3469724641913454,2.1240786907128495e-12,3.098047219308876e-18,-8.326672684688674e-17
linear_J,1.5420031804484677,0.03465964261961064,-0.04155609516677372,-0.013580541135474133,-0.027975554031299588,,0.0025314649971111313,0.01678519149799157,0.027302368665893195,0.03676276315474451,0.020760165714872093,0.01897818767298546,2.9673121673233855,2.2377655284344655e-12,3.098047219308876e-18,-8.326672684688674e-17
linear_J,1.8566355334451115,0.041731641594515013,-0.035596739668402655,-0.011664602067648244,-0.02393213760075441,,0.0025314649971111313,0.01486925243016568,0.023258952235348018,0.03298936110341032,0.01864077832157409,0.017031612740312833,2.539021285921044,3.382627511427927e-12,3.098047219308876e-18,-8.326672684688674e-17
linear_J,2.2354658847386295,0.0502466205230774,-0.029107475935427563,-0.009495217626469155,-0.019612258308958408,,0.0025314649971111313,0.01269986798898659,0.018939072943552016,0.028465986579928763,0.01609542488128303,0.014697581185903866,2.0799160512267054,1.6582291095801338e-12,3.098047219308876e-18,-8.673617379884035e-17
linear_J,2.6915932781688294,0.060499006929120615,-0.02241029461184907,-0.007147547674282273,-0.015262746937566796,,0.0025314649971111313,0.010352198036799709,0.014589561572160403,0.023278742158886336,0.013172190606888227,0.012020477226321706,1.615619039685208,7.488232256491756e-12,3.098047219308876e-18,-8.673617379884035e-17
linear_J,3.24078950367461,0.0728433037148986,-0.01589283024096183,-0.004728871768118814,-0.011163958472843016,,0.0025314649971111313,0.00793352213063625,0.010490773107436624,0.01762836950793207,0.009984255853494764,0.009103908341583618,1.1755067443857867,4.2090775309588935e-12,3.098047219308876e-18,-8.673617379884035e-17
linear_J,3.9020444479163054,0.08770634702016734,-0.009889579844484353,-0.002333852749664911,-0.007555727094819442,,0.0025314649971111313,0.005538503112182347,0.00688254172941305,0.011811619171684898,0.006700439572880121,0.006101217279513102,0.7847458688527555,1.591726750405087e-12,3.098047219308876e-18,-8.673617379884035e-17
linear_J,4.698222718954851,0.10560206519091056,-0.004243552272690354,0.0001445013645465787,-0.004388053637236933,,0.0025314649971111313,0.0030601489979708574,0.0037148682718305404,0.006202443854401454,0.0035257194904693367,0.003204704430994892,0.43699909666686104,2.4347190930029683e-12,3.098047219308876e-18,-8.760353553682876e-17
linear_J,5.656854249492379,0.1271492491874169,0.0005203967824820577,0.0023045767111605775,-0.0017841799286785198,0.22581013682985085,0.0025314649971111313,0.0009000736513568586,0.0011109945632721274,0.0018051735592577564,0.0010144451029527766,0.0009312954489029903,0.14961078397834476,9.053868765818152e-13,3.098047219308876e-18,-8.760353553682876e-17
linear_J,6.811086215835803,0.15309294888974737,0.002126775984638396,0.0030244896441709024,-0.0008977136595325064,0.7031850774352395,0.0025314649971111313,0.0001801607183465337,0.00022452829412611397,0.00026570478016609987,0.0001221972310685587,0.00013380858544654177,0.05196524540111436,2.185585046277083e-12,3.098047219308876e-18,-8.760353553682876e-17
linear_J,8.200829187655208,0.1843302351334549,0.0010120681629340322,0.0025522824437811953,-0.001540214280847163,0.3965345471070426,0.0025314649971111313,0.0006523679187362408,0.0008670289154407707,0.001274065516820625,0.0006982521173924229,0.0006551576245283406,0.12211789753745136,5.717648576819556e-13,3.098047219308876e-18,-8.760353553682876e-17
linear_J,8.897975073614827,0.2,0.0005927745976775922,0.002371990066563967,-0.0017792154688863748,0.2499060202795358,0.0025314649971111313,0.000832660295953469,0.0011060301034799824,0.001786685403939753,0.0009978507406282692,0.0009210093258518943,0.1482716710565879,1.719624442841905e-12,3.098047219308876e-18,-8.760353553682876e-17
linear_J,9.874137139643407,0.22194121826488805,0.0004254669290784663,0.0022815073124747287,-0.0018560403833962624,0.1864850166169165,0.0025314649971111313,0.0009231430500427074,0.00118285501798987,0.002046650788953841,0.0011597478407580615,0.0010570318451780265,0.15708519693369213,2.2595258997171186e-12,3.098047219308876e-18,-8.760353553682876e-17
linear_J,11.888869042565947,0.2672263957632343,0.0014591275347821675,0.002728953698625136,-0.0012698261638429686,0.534683873719545,0.0025314649971111313,0.0004756966638922999,0.0005966407984365762,0.0009883421051445167,0.0005600776247195638,0.0005104514192119674,0.09287069515148266,1.869282506561376e-12,3.098047219308876e-18,-8.760353553682876e-17
linear_J,14.314689487529991,0.32175162032038845,0.002295801556665089,0.003099965169595431,-0.000804163612930342,0.7405894682889965,0.0025314649971111313,0.00010468519292200495,0.0001309782475239496,0.00015987530061904726,7.932467107897023e-05,8.121201532892812e-05,0.04166679667309131,2.25075513782258e-12,3.098047219308876e-18,-8.760353553682876e-17
linear_J,17.235477520255063,0.38740224326686284,0.0017623689428882816,0.002865011471073209,-0.0011026425281849273,0.6151350389630773,0.0025314649971111313,0.0003396388914442272,0.00042945716277853485,0.0007296359291796089,0.00041589450447035393,0.0003771287469048788,0.07445160943007761,3.2145397454996782e-12,3.098047219308876e-18,-8.760353553682876e-17
linear_J,20.752226977050263,0.4664483054933894,0.0024394324868825534,0.0031629278621783663,-0.0007234953752958129,0.7712577058910448,0.0025314649971111313,4.172250033906977e-05,5.031000988942047e-05,6.130461958218965e-05,2.9892176973208906e-05,3.1077666258850066e-05,0.03281293925235171,4.322875390982972e-12,3.098047219308876e-18,-8.760353553682876e-17
linear_J,24.986538609151314,0.5616230300137369,0.002163314816369888,0.0030430144224136146,-0.0008796996060437268,0.7109117855097186,0.0025314649971111313,0.00016163594010382143,0.00020651424063733437,0.0003497400797306537,0.00019709924341360297,0.0001804993479782,0.049932280324202494,5.902833777327032e-12,3.098047219308876e-18,-8.760353553682876e-17
linear_J,30.08482474469113,0.676217330253075,0.002349051532075319,0.003124390921029452,-0.0007753393889541327,0.7518430284329891,0.0025314649971111313,8.025944148798425e-05,0.00010215402354774028,0.0001702285571190845,9.565973028900098e-05,8.782117538457957e-05,0.03847905238254512,9.526379685098618e-12,3.098047219308876e-18,-8.760353553682876e-17
linear_J,36.223371875418124,0.8141936019315523,0.00247020555546551,0.0031777501350546133,-0.0007075445795891033,0.7773441744887398,0.0025314649971111313,2.6900227462822723e-05,3.435921418271093e-05,5.640993803302118e-05,3.069715721869011e-05,2.8981135657515006e-05,0.031032581270727666,1.499445012598244e-11,3.098047219308876e-18,-8.760353553682876e-17
linear_J,43.614436220253396,0.9803227331931581,0.0024637389165065304,0.003174793503208373,-0.0007110545867018425,0.7760312329027802,0.0025314649971111313,2.9856859309063122e-05,3.786922129545012e-05,6.017034535932313e-05,3.330426212460351e-05,3.0980684192755204e-05,0.03142053988007959,2.4850899116302116e-11,3.098047219308876e-18,-8.760353553682876e-17
linear_J,44.48987536807413,1.0,0.0024313626773974084,0.0031606791750202756,-0.0007293164976228672,0.7692532341191546,0.0025314649971111313,4.3971187497160447e-05,5.613113221647481e-05,9.369443231481473e-05,5.2959955666339845e-05,4.83742917109098e-05,0.033423160074533276,2.6264546093557328e-11,3.098047219308876e-18,-8.760353553682876e-17
linear_J,52.51358303563761,1.180349070461125,0.002447991744216893,0.003167924684801371,-0.0007199329405844779,0.7727430377248322,0.0025314649971111313,3.6725677716065164e-05,4.6747575178085476e-05,8.060194056079953e-05,4.5751795896414254e-05,4.16378360631986e-05,0.03239423549843065,4.1792458382872155e-11,3.098047219308876e-18,-8.760353553682876e-17
linear_J,63.228523448394746,1.421189044143006,0.002522702241878505,0.003200653351356053,-0.0006779511094775481,0.7881835253448132,0.0025314649971111313,3.997011161382957e-06,4.765744071155709e-06,5.064536069721869e-06,2.617689493076495e-06,2.5852764651650115e-06,0.027786944055804147,7.259148837590601e-11,3.098047219308876e-18,-8.760353553682876e-17
linear_J,76.12975436757232,1.7111703221853238,0.002518379810335203,0.003198794894876844,-0.0006804150845416412,0.7872901805516237,0.0025314649971111313,5.8554676405919714e-06,7.2297191352488355e-06,1.0548604687510436e-05,5.680535352306415e-06,5.41223506546812e-06,0.028056572268203572,1.2976930641173112e-10,3.098047219308876e-18,-8.760353553682876e-17
linear_J,91.6633693778601,2.0603197608334414,0.0025274823797959423,0.0032028731827723478,-0.0006753908029764055,0.7891297080979648,0.0025314649971111313,1.7771797450882865e-06,2.2054375700131246e-06,3.028585683493397e-06,1.6048208512980415e-06,1.5507473132146081e-06,0.027503165512986205,2.3936708171135024e-10,3.098047219308876e-18,-8.760353553682876e-17
linear_J,110.36648358451752,2.4807101092424357,0.0025208614076404068,0.003199989614763865,-0.0006791282071234583,0.7877717465112546,0.0025314649971111313,4.6607477535709485e-06,5.942841717065939e-06,1.0122085720161067e-05,5.649685876918151e-06,5.217369324646239e-06,0.02791295052779752,4.5315973196125015e-10,3.098047219308876e-18,-8.760353553682876e-17
linear_J,132.88580576390686,2.9868774561518667,0.0025298845766108524,0.003203941834566848,-0.0006740572579559956,0.7896162624790211,0.0025314649971111313,7.085279505880671e-07,8.718925496031815e-07,1.1350980266133315e-06,5.530050315399979e-07,5.753681838082623e-07,0.027356452863513958,8.829400544030364e-10,3.098047219308876e-18,-8.760353553682876e-17
linear_J,160.0,3.596323852928025,0.002528402076946268,0.003203291491049587,-0.000674889414103319,0.7893137680448227,0.0025314649971111313,1.3588714678491876e-06,1.704048696926641e-06,2.739300621097543e-06,1.531431680207775e-06,1.41225522466069e-06,0.027447797772212068,1.7699237631063625e-09,3.098047219308876e-18,-8.760353553682876e-17
linear_b,0.0,0.0,-0.06525837443357752,-0.02056993275746699,-0.044688441676110524,,0.0025314649971111313,0.023774583119984427,0.04401525631070413,0.04855641110439233,0.027328898366190714,0.02505547295489061,4.725968327079389,1.3322676295501878e-15,3.098047219308876e-18,-8.326672684688674e-17
linear_b,0.2,0.004495404816160032,-0.064499654393126,-0.02036057944981784,-0.044139074943308154,,0.0025314649971111313,0.023565229812335275,0.04346588957790176,0.04826409134224005,0.02716838738648815,0.024905117760279077,4.6684147374535385,2.4447111002245947e-13,3.098047219308876e-18,-8.326672684688674e-17
linear_b,0.240808262523186,0.005412653115589298,-0.06416778239616427,-0.020269014427514387,-0.04389876796864989,,0.0025314649971111313,0.023473664790031823,0.043225582603243495,0.04813424325176304,0.027097015308961338,0.024838321326022192,4.643239477208918,2.1582735598713043e-13,3.098047219308876e-18,-8.326672684688674e-17
linear_b,0.28994309649717825,0.006517057962028839,-0.06369612961217519,-0.02013880148458247,-0.04355732812759272,,0.0025314649971111313,0.023343451847099905,0.04288414276218633,0.04794771604962704,0.02699441493012767,0.02474235909178772,4.607467831316553,2.3991919562149633e-13,3.098047219308876e-18,-8.326672684688674e-17
linear_b,0.34910346649038965,0.0078468070229953,-0.06303090327450289,-0.01995486443825234,-0.04307603883625055,,0.0025314649971111313,0.023159514800769776,0.04240285347084416,0.047680796773851945,0.026847450881808767,0.024605020421938642,4.55703968910321,2.466915560717098e-13,3.098047219308876e-18,-8.326672684688674e-17
linear_b,0.42033499603186003,0.009447879827811156,-0.06210204854270002,-0.019697248352420094,-0.04240480019027992,,0.0025314649971111313,0.02290189871493753,0.04173161482487353,0.047300864173827846,0.026637993468951363,0.02440950028850549,4.486695623433244,2.474687121889474e-13,3.098047219308876e-18,-8.326672684688674e-17
linear_b,0.5061007003606124,0.01137563762931531,-0.06082190236697238,-0.01934031925511981,-0.04148158311185257,,0.0025314649971111313,0.022544969617637245,0.04080839774644618,0.04676398320923564,0.02634152713019734,0.02413315347482251,4.389912301874254,2.3159252293680765e-13,3.098047219308876e-18,-8.326672684688674e-17
linear_b,0.6093661515780331,0.013696737663043967,-0.05908663738221054,-0.01885249035530856,-0.04023414702690198,,0.0025314649971111313,0.022057140717825996,0.039560961661495586,0.046012680701133096,0.02592583405600563,0.023746339024138034,4.259070832131554,2.283728761653947e-13,3.098047219308876e-18,-8.326672684688674e-17
linear_b,0.7337020210097325,0.0164914379943675,-0.05678258288994098,-0.018197103592914154,-0.038585479297026826,,0.0025314649971111313,0.02140175395543159,0.03791229393162043,0.04497472859582968,0.025350223099153246,0.023211781993442104,4.086011724614109,2.2426505097428162e-13,3.098047219308876e-18,-8.326672684688674e-17
linear_b,0.8834075444455187,0.01985637264966246,-0.05379964084656974,-0.01733527332618745,-0.03646436752038229,,0.0025314649971111313,0.020539923688704886,0.0357911821549759,0.04356429468598287,0.024566091937340214,0.02248515692720295,3.863127668615572,2.2326585025211898e-13,3.098047219308876e-18,-8.326672684688674e-17
linear_b,0.8897975073614827,0.02,-0.05366887355684857,-0.01729714600945298,-0.036371727547395594,,0.0025314649971111313,0.020501796371970415,0.0356985421819892,0.043500759395553895,0.02453072452071009,0.022452419499462542,3.8533870798577214,2.3037127760972e-13,3.098047219308876e-18,-8.326672684688674e-17
linear_b,1.0636591793889978,0.023907892988890636,-0.050053275035812195,-0.01623141560897995,-0.033821859426832246,,0.0025314649971111313,0.019436065971497385,0.033148674061425853,0.04168732935627311,0.02351991534183506,0.021517862209390115,3.585078637795474,2.2859492077031973e-13,3.098047219308876e-18,-8.326672684688674e-17
linear_b,1.2806895945275114,0.028786090856225063,-0.04551431589499061,-0.014861615938886852,-0.030652699956103757,,0.0025314649971111313,0.018066266301404288,0.029979514590697365,0.03925317079926546,0.02215982310724522,0.020263014010743215,3.2510401948464613,2.454703107446221e-13,3.098047219308876e-18,-8.326672684688674e-17
linear_b,1.5420031804484677,0.03465964261961064,-0.04024138929161214,-0.013223734019654598,-0.02701765527195754,,0.0025314649971111313,0.016428384382172034,0.02634446990655115,0.03619339713079471,0.020446374444483533,0.018685193880928732,2.8670622024414367,2.58792987040124e-13,3.098047219308876e-18,-8.326672684688674e-17
linear_b,1.8566355334451115,0.041731641594515013,-0.034404088561960866,-0.01134619076843113,-0.023057897793529736,,0.0025314649971111313,0.014550841130948566,0.022384712428123343,0.03248611378894007,0.018366482746084947,0.01677301198786461,2.4476171639583626,2.772226892489016e-13,3.098047219308876e-18,-8.326672684688674e-17
linear_b,2.2354658847386295,0.0502466205230774,-0.02827873027453287,-0.009290402819238541,-0.01898832745529433,,0.0025314649971111313,0.012495053181755977,0.018315142089887937,0.028179023006613596,0.01594663890122866,0.014551039972900477,2.0149627807699146,3.077538224260934e-13,3.098047219308876e-18,-8.673617379884035e-17
linear_b,2.6915932781688294,0.060499006929120615,-0.022200076605298658,-0.007141681897800178,-0.01505839470749848,,0.0025314649971111313,0.010346332260317614,0.014385209342092087,0.02340013052318139,0.01325898646402342,0.012085341617786505,1.5951104944723502,3.5504932327512506e-13,3.098047219308876e-18,-8.673617379884035e-17
linear_b,3.24078950367461,0.0728433037148986,-0.016479532719586243,-0.004992606330825433,-0.01148692638876081,,0.0025314649971111313,0.00819725669334287,0.010813741023354417,0.018348182278339863,0.010415570252684298,0.009478493632865542,1.2111002180113988,4.0611958240788226e-13,3.098047219308876e-18,-8.673617379884035e-17
linear_b,3.9020444479163054,0.08770634702016734,-0.01128848748935829,-0.002897491624704762,-0.008390995864653528,,0.0025314649971111313,0.006102141987222198,0.007717810499247135,0.013249970705008314,0.007545008001179626,0.006847639876229171,0.8753182317741623,4.961586697049825e-13,3.098047219308876e-18,-8.673617379884035e-17
linear_b,4.698222718954851,0.10560206519091056,-0.0063081812434164775,-0.0007100660743289966,-0.005598115169087481,,0.0025314649971111313,0.003914716436846433,0.0049249298036810885,0.008335336702224534,0.004769805599122156,0.004310553569620358,0.5686873428378605,6.277200981230635e-13,3.098047219308876e-18,-8.760353553682876e-17
linear_b,5.656854249492379,0.1271492491874169,-0.0021297841668933004,0.001162632577087097,-0.0032924167439803975,,0.0025314649971111313,0.002042017785430339,0.002619231378574005,0.004502660944954316,0.002582377765090006,0.002329212267835253,0.31470876718445107,8.115730310009894e-13,3.098047219308876e-18,-8.760353553682876e-17
linear_b,6.811086215835803,0.15309294888974737,-0.0008992947669465012,0.0017045462600402406,-0.002603841026986742,,0.0025314649971111313,0.0015001041024771955,0.0019306556615803494,0.003275511504163567,0.0018671138146112935,0.001693029440355115,0.23907727444817117,1.0724754417879012e-12,3.098047219308876e-18,-8.760353553682876e-17
linear_b,8.200829187655208,0.1843302351334549,-0.0014163008778982356,0.0014917617551493123,-0.002908062633047548,,0.0025314649971111313,0.0017128886073681238,0.0022348772676411555,0.0037681630818053526,0.002143334544062967,0.0019471138943802167,0.2721592413653884,1.4417356197782283e-12,3.098047219308876e-18,-8.760353553682876e-17
linear_b,8.897975073614827,0.2,-0.0013174389720790325,0.0015305478396003824,-0.002847986811679415,,0.0025314649971111313,0.0016741025229170536,0.0021748014462730225,0.0037683596854995462,0.002147020128046127,0.0019476463239525737,0.2656668331729367,1.663003068586022e-12,3.098047219308876e-18,-8.760353553682876e-17
linear_b,9.874137139643407,0.22194121826488805,-0.0008378932464594979,0.0017199090354027002,-0.002557802281862198,,0.0025314649971111313,0.0014847413271147358,0.0018846169164558058,0.00331623725514462,0.001897562220725194,0.0017149516400917037,0.23428136524368606,2.015054789694659e-12,3.098047219308876e-18,-8.760353553682876e-17
linear_b,11.888869042565947,0.2672263957632343,0.0009226330627126189,0.0024975992473982855,-0.0015749661846856666,0.36940796794109904,0.0025314649971111313,0.0007070511151191505,0.0009017808192792742,0.0015616942704439784,0.0008950149532212003,0.0008077809060629708,0.1262766278760881,2.8524960171694147e-12,3.098047219308876e-18,-8.760353553682876e-17
linear_b,14.314689487529991,0.32175162032038845,0.0012672914726846174,0.002652080909185839,-0.0013847894365012214,0.4778479677204353,0.0025314649971111313,0.0005525694533315972,0.000711604071094829,0.0012014319312224563,0.0006829319941520661,0.0006207595727096357,0.10532793228529916,4.137579168173033e-12,3.098047219308876e-18,-8.760353553682876e-17
linear_b,17.235477520255063,0.38740224326686284,0.001367803993104988,0.002691625241662776,-0.0013238212485577883,0.5081702950073445,0.0025314649971111313,0.0005130251208546599,0.0006506358831513959,0.0011251266701348538,0.000645920500498506,0.0005821010143657093,0.09873680933499412,6.110556505234399e-12,3.098047219308876e-18,-8.760353553682876e-17
linear_b,20.752226977050263,0.4664483054933894,0.0019514223923546847,0.0029503817255635,-0.0009989593332088154,0.6614135301363345,0.0025314649971111313,0.000254268636953936,0.00032577396780242296,0.0005559339037510865,0.0003168751602288295,0.00028734589778113936,0.06301616175133778,9.265921363521556e-12,3.098047219308876e-18,-8.760353553682876e-17
linear_b,24.986538609151314,0.5616230300137369,0.002104634201582467,0.0030175815245973014,-0.0009129473230148344,0.6974572797542999,0.0025314649971111313,0.00018706883792013462,0.000239761957608442,0.0004202162572821815,0.00023916038847960906,0.00021715434024607966,0.05357496324401717,1.4446666085632387e-11,3.098047219308876e-18,-8.760353553682876e-17
linear_b,30.08482474469113,0.676217330253075,0.002109109074150628,0.003019196378351352,-0.000910087304200724,0.6985663765608775,0.0025314649971111313,0.00018545398416608405,0.00023690193879433163,0.00041049650098249816,0.0002346034394453764,0.00021224901327943337,0.0532687756906805,2.3165469542618666e-11,3.098047219308876e-18,-8.760353553682876e-17
linear_b,36.223371875418124,0.8141936019315523,0.0022306804684687487,0.0030725288150504904,-0.0008418483465817417,0.726007989751625,0.0025314649971111313,0.0001321215474669457,0.00016866298117534928,0.0002917373287624176,0.00016655626097256717,0.00015082297133608017,0.04577822447004304,3.816968963121781e-11,3.098047219308876e-18,-8.760353553682876e-17
linear_b,43.614436220253396,0.9803227331931581,0.002342401427028018,0.0031217780771145565,-0.0007793766500865384,0.7503420708217311,0.0025314649971111313,8.287228540287961e-05,0.00010619128468014605,0.00018705581400729152,0.00010702723714062282,9.673282028657236e-05,0.03891543904472189,6.453670930994804e-11,3.098047219308876e-18,-8.760353553682876e-17
linear_b,44.48987536807413,1.0,0.0023786591403208157,0.003137408951190801,-0.0007587498108699853,0.7581603728828521,0.0025314649971111313,6.724141132663508e-05,8.556444546359288e-05,0.000148686761803747,8.525999206316724e-05,7.69133562589282e-05,0.036657369197113515,6.849187883517516e-11,3.098047219308876e-18,-8.760353553682876e-17
linear_b,52.51358303563761,1.180349070461125,0.0024522192491756023,0.003169820529796863,-0.0007176012806212606,0.7736145394114007,0.0025314649971111313,3.482983272057316e-05,4.441591521486821e-05,7.678029738585067e-05,4.371331332926108e-05,3.967939532450258e-05,0.032137371439665274,1.1280476552855134e-10,3.098047219308876e-18,-8.760353553682876e-17
linear_b,63.228523448394746,1.421189044143006,0.0024372368578818304,0.003163225656709734,-0.0007259887988279035,0.7704909868545233,0.0025314649971111313,4.142470580770219e-05,5.280343342151106e-05,9.234806554271728e-05,5.290703114752516e-05,4.776453027317275e-05,0.03305855917391867,2.0350665597135276e-10,3.098047219308876e-18,-8.760353553682876e-17
linear_b,76.12975436757232,1.7111703221853238,0.0024631836175084687,0.003174622021586526,-0.0007114384040780575,0.7758982331627265,0.0025314649971111313,3.002834093090989e-05,3.8253038671665074e-05,6.648142393282839e-05,3.7947244142282875e-05,3.436876694997592e-05,0.03146106513797417,3.7666958441207044e-10,3.098047219308876e-18,-8.760353553682876e-17
linear_b,91.6633693778601,2.0603197608334414,0.0025023646812734612,0.003191835005084409,-0.0006894703238109479,0.7839893595023987,0.0025314649971111313,1.2815357433026975e-05,1.628495840455546e-05,2.79538472894463e-05,1.5968485010086035e-05,1.4452760029216749e-05,0.029049094817539672,7.17490400425902e-10,3.098047219308876e-18,-8.760353553682876e-17
linear_b,110.36648358451752,2.4807101092424357,0.0025041023209192437,0.003192618188274987,-0.0006885158673557434,0.7843413064912227,0.0025314649971111313,1.2032174242448956e-05,1.533050194935104e-05,2.6582954259082703e-05,1.5154159596002193e-05,1.374021529752905e-05,0.028943859382137005,1.4034972073417862e-09,3.098047219308876e-18,-8.760353553682876e-17
linear_b,132.88580576390686,2.9868774561518667,0.0025173139008438095,0.0031984172935200506,-0.0006811033926762411,0.7870498655518943,0.0025314649971111313,6.233068997385516e-06,7.918027269848693e-06,1.341859948439105e-05,7.6273283247955465e-06,6.933135951906638e-06,0.028130123098623477,2.813142496727039e-09,3.098047219308876e-18,-8.760353553682876e-17
linear_b,160.0,3.596323852928025,0.002520463676942697,0.0031998221443864105,-0.0006793584674437136,0.7876886786862382,0.0025314649971111313,4.828218131025519e-06,6.173102037321243e-06,1.0806488010946726e-05,6.16046706907692e-06,5.585665571488172e-06,0.027938069939541232,5.758490906337954e-09,3.098047219308876e-18,-8.760353553682876e-17
smooth_b,0.0,0.0,-0.06525837443357752,-0.02056993275746699,-0.044688441676110524,,0.0025314649971111313,0.023774583119984427,0.04401525631070413,0.04855641110439233,0.027328898366190714,0.02505547295489061,4.725968327079389,1.3322676295501878e-15,3.098047219308876e-18,-8.326672684688674e-17
smooth_b,0.2,0.004495404816160032,-0.06492985303243026,-0.020479262552304478,-0.044450590480125785,,0.0025314649971111313,0.023683912914821914,0.04377740511471939,0.048430569505374256,0.02725982602531921,0.024990749297919005,4.701049829916385,3.596456465970732e-12,3.098047219308876e-18,-8.326672684688674e-17
smooth_b,0.240808262523186,0.005412653115589298,-0.06478411276519913,-0.020439052938147295,-0.044345059827051836,,0.0025314649971111313,0.02364370330066473,0.043671874461645444,0.04837431438314861,0.02722893285059037,0.02496181391258156,4.689994144432025,3.9720449152014226e-12,3.098047219308876e-18,-8.326672684688674e-17
smooth_b,0.28994309649717825,0.006517057962028839,-0.06457493311037987,-0.020381342157150484,-0.04419359095322939,,0.0025314649971111313,0.02358599251966792,0.043520405587823,0.04829312538040407,0.027184330441174652,0.024920051547520305,4.67412587228732,4.526934382909076e-12,3.098047219308876e-18,-8.326672684688674e-17
smooth_b,0.34910346649038965,0.0078468070229953,-0.06427591762383555,-0.020298829006481056,-0.0439770886173545,,0.0025314649971111313,0.023503479368998492,0.043303903251948106,0.048176177487261794,0.02712005021054768,0.024859891368967293,4.651444224316463,4.5387027469701025e-12,3.098047219308876e-18,-8.326672684688674e-17
smooth_b,0.42033499603186003,0.009447879827811156,-0.06385084317533313,-0.020181446007415615,-0.04366939716791751,,0.0025314649971111313,0.02338609636993305,0.04299621180251112,0.048008179302760405,0.02702764495252141,0.024773462094012624,4.619207791884446,4.7553072590744705e-12,3.098047219308876e-18,-8.326672684688674e-17
smooth_b,0.5061007003606124,0.01137563762931531,-0.06325102563728524,-0.020015538476848893,-0.04323548716043635,,0.0025314649971111313,0.02322018883936633,0.042562301795029955,0.04776776121999507,0.026895280538617755,0.024649760146194185,4.573742947004246,4.686029342337861e-12,3.098047219308876e-18,-8.326672684688674e-17
smooth_b,0.6093661515780331,0.013696737663043967,-0.062412834079695556,-0.019782978596365353,-0.042629855483330203,,0.0025314649971111313,0.02298762895888279,0.04195667011792381,0.047425499722712684,0.026706612009285202,0.024473628739501586,4.510272780787587,4.787725771393525e-12,3.098047219308876e-18,-8.326672684688674e-17
smooth_b,0.7337020210097325,0.0164914379943675,-0.061256155000764756,-0.01946037331296091,-0.041795781687803846,,0.0025314649971111313,0.022665023675478346,0.04112259632239745,0.046941696898129395,0.02643950454882385,0.024224608561358378,4.422832835192396,5.058842234006988e-12,3.098047219308876e-18,-8.326672684688674e-17
smooth_b,0.8834075444455187,0.01985637264966246,-0.05968510130473259,-0.019018677292806707,-0.040666424011925884,,0.0025314649971111313,0.022223327655324143,0.03999323864651949,0.04626424943193089,0.0260647828328359,0.023875831977869258,4.304375867352672,4.883538018418676e-12,3.098047219308876e-18,-8.326672684688674e-17
smooth_b,0.8897975073614827,0.02,-0.05961432139791495,-0.01899867772604008,-0.04061564367187487,,0.0025314649971111313,0.022203328088557517,0.039942458306468476,0.04623319389018954,0.02604758728543926,0.023859841247665825,4.299047838762988,4.8646642270000484e-12,3.098047219308876e-18,-8.326672684688674e-17
smooth_b,1.0636591793889978,0.023907892988890636,-0.05759272363763901,-0.018423712651967072,-0.03916901098567194,,0.0025314649971111313,0.02162836301448451,0.038495825620265545,0.04532727663369506,0.02554538803727126,0.023393306548526234,4.1471975067167826,4.311440093829333e-12,3.098047219308876e-18,-8.326672684688674e-17
smooth_b,1.2806895945275114,0.028786090856225063,-0.054871644116046614,-0.01763824732651309,-0.037233396789533524,,0.0025314649971111313,0.020842897689030526,0.03656021142412713,0.0440516092057212,0.02483657763294454,0.022736158156954126,3.943817770534766,3.5644820428615276e-12,3.098047219308876e-18,-8.326672684688674e-17
smooth_b,1.5420031804484677,0.03465964261961064,-0.05143197431978341,-0.01662624763076337,-0.034805726689020045,,0.0025314649971111313,0.019830897993280805,0.03413254132361365,0.04234864346196982,0.0238880440482347,0.021858613716813722,3.6884007642865466,2.974620549878182e-12,3.098047219308876e-18,-8.326672684688674e-17
smooth_b,1.8566355334451115,0.041731641594515013,-0.047226050264224884,-0.015359508589555149,-0.031866541674669735,,0.0025314649971111313,0.018564158952072585,0.031193356309263343,0.04012913791308893,0.02264887574481251,0.020714541494967473,3.378648024836413,2.636002527367509e-12,3.098047219308876e-18,-8.326672684688674e-17
smooth_b,2.2354658847386295,0.0502466205230774,-0.04227592772626032,-0.013825915651267007,-0.028450012074993314,,0.0025314649971111313,0.017030566013784443,0.02777682670958692,0.03731776955917694,0.021075845150965763,0.0192649737505449,3.017825153140169,2.5137669723562794e-12,3.098047219308876e-18,-8.326672684688674e-17
smooth_b,2.6915932781688294,0.060499006929120615,-0.036694521119696843,-0.012037150327490198,-0.024657370792206645,,0.0025314649971111313,0.015241800690007634,0.023984185426800253,0.03387218306263436,0.019144297917291858,0.017487956486823816,2.616201458314292,3.1065150452036505e-12,3.098047219308876e-18,-8.326672684688674e-17
smooth_b,3.24078950367461,0.0728433037148986,-0.03068714996551203,-0.010032301811235711,-0.020654848154276317,,0.0025314649971111313,0.013236952173753147,0.019981662788869925,0.02980206817168738,0.01685906268621284,0.015388414336870805,2.190888588068078,5.885736342747805e-12,3.098047219308876e-18,-8.673617379884035e-17
smooth_b,3.9020444479163054,0.08770634702016734,-0.02452363177568495,-0.007874644478134685,-0.016648987297550266,,0.0025314649971111313,0.01107929484065212,0.015975801932143874,0.025181586338482526,0.014261507364301911,0.013004570293600746,1.7633317857317101,1.2747469746443585e-11,3.098047219308876e-18,-8.673617379884035e-17
smooth_b,4.698222718954851,0.10560206519091056,-0.018478731436163798,-0.005637558712522639,-0.012841172723641159,,0.0025314649971111313,0.008842209075040075,0.012167987358234766,0.020148251108906806,0.011428913873551353,0.01040736857311797,1.3545867562706488,2.6997515334414857e-11,3.098047219308876e-18,-8.673617379884035e-17
smooth_b,5.656854249492379,0.1271492491874169,-0.012713848240782921,-0.0033583206984650893,-0.009355527542317832,,0.0025314649971111313,0.006562971060982525,0.00868234217691144,0.0148914599259092,0.008466978204032829,0.007694430918190011,0.9775317629625968,7.419453940116227e-11,3.098047219308876e-18,-8.673617379884035e-17
smooth_b,6.811086215835803,0.15309294888974737,-0.007346872772928226,-0.0011010296895079819,-0.006245843083420244,,0.0025314649971111313,0.004305680052025418,0.0055726577180138515,0.009748621484426345,0.005561093797044361,0.005039319094971702,0.6383471794608742,1.8282175773265408e-10,3.098047219308876e-18,-8.760353553682876e-17
smooth_b,8.200829187655208,0.1843302351334549,-0.002930576367049187,0.0008132129989931736,-0.0037437893660423605,,0.0025314649971111313,0.0023914373635242625,0.003070604000635968,0.005436184258653389,0.0031127001921977438,0.0028115091889487675,0.3642137741168214,3.637400380895883e-10,3.098047219308876e-18,-8.760353553682876e-17
smooth_b,8.897975073614827,0.2,-0.0015024264813039423,0.0014362627306161446,-0.002938689211920087,,0.0025314649971111313,0.0017683876319012914,0.0022655038465136945,0.0040246776561097776,0.002307801230331893,0.0020818996994296005,0.2759156370593069,4.6035397716082116e-10,3.098047219308876e-18,-8.760353553682876e-17
smooth_b,9.874137139643407,0.22194121826488805,-0.00019029876528076084,0.0020102344699741703,-0.002200533235254931,,0.0025314649971111313,0.0011944158925432657,0.0015273478698485388,0.0027180718940672606,0.0015602906175950218,0.001406220580919696,0.194925392650816,5.86595105822596e-10,3.098047219308876e-18,-8.760353553682876e-17
smooth_b,11.888869042565947,0.2672263957632343,0.0010569063384642807,0.0025581519140340236,-0.001501245575569743,0.41315229665059827,0.0025314649971111313,0.0006464984484834124,0.0008280602101633505,0.0014737481613402367,0.0008456342971430059,0.0007624142617171501,0.118147658631549,9.782216148224165e-10,3.098047219308876e-18,-8.760353553682876e-17
smooth_b,14.314689487529991,0.32175162032038845,0.0017259690803828054,0.0028515599800599256,-0.0011255908996771202,0.6052718836187813,0.0025314649971111313,0.00035309038245751045,0.00045240553427072783,0.0008049990541999726,0.0004621829646606883,0.0004164834807234074,0.07691459021696295,1.3098941931133368e-09,3.098047219308876e-18,-8.760353553682876e-17
smooth_b,17.235477520255063,0.38740224326686284,0.0022407429663894307,0.003077235719407878,-0.0008364927530184474,0.7281674758476399,0.0025314649971111313,0.00012741464310955797,0.000163307387612055,0.00029053820066880597,0.00016692680526335033,0.00015033024751945592,0.04518382880924626,1.7438827049076622e-09,3.098047219308876e-18,-8.760353553682876e-17
smooth_b,20.752226977050263,0.4664483054933894,0.0024306527387004673,0.0031604679980236083,-0.0007298152593231411,0.7690800034110361,0.0025314649971111313,4.418236449382773e-05,5.6629893916748664e-05,0.00010077287211468257,5.7889900372622766e-05,5.2140866393215084e-05,0.033475675957019,2.148356270659235e-09,3.098047219308876e-18,-8.760353553682876e-17
smooth_b,24.986538609151314,0.5616230300137369,0.002504883166724814,0.0031930019245665076,-0.0006881187578416936,0.7844915931470617,0.0025314649971111313,1.1648437950928514e-05,1.493339243530123e-05,2.657552574029122e-05,1.5258147208110299e-05,1.3749422538917822e-05,0.02889935172708802,2.765619289135657e-09,3.098047219308876e-18,-8.760353553682876e-17
smooth_b,30.08482474469113,0.676217330253075,0.00252399695455785,0.003201377688106355,-0.0006773807335485049,0.7884096162520636,0.0025314649971111313,3.2726744110811445e-06,4.195368142112521e-06,7.464094327276303e-06,4.285337290603678e-06,3.8616961709730885e-06,0.027720852253521056,3.413163529586427e-09,3.098047219308876e-18,-8.760353553682876e-17
smooth_b,36.223371875418124,0.8141936019315523,0.0025296220738835196,0.003203842777397381,-0.0006742207035138614,0.7895587423108321,0.0025314649971111313,8.075851200550765e-07,1.0353381074690304e-06,1.8415337543702918e-06,1.056737370138888e-06,9.526890476255266e-07,0.02737403563391888,4.3312058384259444e-09,3.098047219308876e-18,-8.760353553682876e-17
smooth_b,43.614436220253396,0.9803227331931581,0.002530946685378066,0.003204423234691778,-0.0006734765493137118,0.789829089359199,0.0025314649971111313,2.2712782565825762e-07,2.9118390731941446e-07,5.180899453788375e-07,2.9746995155402976e-07,2.680465157380086e-07,0.02729236449772396,5.623769561147185e-09,3.098047219308876e-18,-8.760353553682876e-17
smooth_b,44.48987536807413,1.0,0.0025310452606250866,0.0032044664122440336,-0.000673421151618947,0.7898492088898628,0.0025314649971111313,1.8395027340245562e-07,2.3578621255460064e-07,4.1939851009361245e-07,2.409472579791621e-07,2.17003281230964e-07,0.02728628500884428,5.819520088046204e-09,3.098047219308876e-18,-8.760353553682876e-17
smooth_b,52.51358303563761,1.180349070461125,0.002531337106851883,0.003204594322580079,-0.0006732572157281957,0.7899087535091981,0.0025314649971111313,5.60399373572551e-08,7.185032180334616e-08,1.277955642123198e-07,7.330762077419017e-08,6.61099263508625e-08,0.02726829254056859,7.214185915316307e-09,3.098047219308876e-18,-8.760353553682876e-17
smooth_b,63.228523448394746,1.421189044143006,0.0025314104260341086,0.0032046264478534647,-0.0006732160218193561,0.7899237141132963,0.0025314649971111313,2.3914663971336125e-08,3.065641296373656e-08,5.4531869585506465e-08,3.131230568928995e-08,2.8213629894997486e-08,0.027263771583767304,9.466257111512277e-09,3.098047219308876e-18,-8.760353553682876e-17
smooth_b,76.12975436757232,1.7111703221853238,0.002531447320304525,0.0032046426165504016,-0.0006731952962458765,0.7899312413904895,0.0025314649971111313,7.745967034455958e-09,9.930839484084686e-09,1.7660634499431895e-08,1.0130830073451645e-08,9.13603839107977e-09,0.02726149691770763,1.2347105227128452e-08,3.098047219308876e-18,-8.760353553682876e-17
smooth_b,91.6633693778601,2.0603197608334414,0.002531459955300963,0.0032046481530608184,-0.0006731881977598553,0.7899338193751845,0.0025314649971111313,2.2094566176633634e-09,2.8323534628782454e-09,5.036672734063675e-09,2.891161780362165e-09,2.6057582203715115e-09,0.027260717862725298,1.6432029625867983e-08,3.098047219308876e-18,-8.760353553682876e-17
smooth_b,110.36648358451752,2.4807101092424357,0.0025314630946691175,0.00320464952887467,-0.0006731864342055527,0.789934459871515,0.0025314649971111313,8.336427659294543e-10,1.06879916028646e-09,1.900792779216075e-09,1.0904247673550062e-09,9.83307508297088e-10,0.027260524309621892,2.1836825125909343e-08,3.098047219308876e-18,-8.760353553682876e-17
smooth_b,132.88580576390686,2.9868774561518667,0.0025314645243075806,0.003204650155341604,-0.0006731856310340234,0.7899347515634623,0.0025314649971111313,2.0717583204543644e-10,2.656276310020189e-10,4.721940025939218e-10,2.7071029235392947e-10,2.4425197043589316e-10,0.02726043616163229,2.9065553963647517e-08,3.098047219308876e-18,-8.760353553682876e-17
smooth_b,160.0,3.596323852928025,0.002531464845206499,0.0032046502959555134,-0.0006731854507490143,0.7899348170380337,0.0025314649971111313,6.656192264031802e-11,8.534262185833086e-11,1.5177449042618186e-10,8.704954916005905e-11,7.851287986874195e-11,0.027260416375457508,3.881682997253222e-08,3.098047219308876e-18,-8.760353553682876e-17
spectral_smooth,0.0,0.0,-0.06525837443357752,-0.02056993275746699,-0.044688441676110524,,0.0025314649971111313,0.023774583119984427,0.04401525631070413,0.04855641110439233,0.027328898366190714,0.02505547295489061,4.725968327079389,1.3322676295501878e-15,3.098047219308876e-18,-8.326672684688674e-17
spectral_smooth,0.2,0.004495404816160032,-0.0649496228422553,-0.02048470475543257,-0.044464918086822736,,0.0025314649971111313,0.023689355117950006,0.04379173272141634,0.0484381405608571,0.027263982492040605,0.02499464338344184,4.70255061812518,9.41702271717304e-12,3.098047219308876e-18,-8.326672684688674e-17
spectral_smooth,0.240808262523186,0.005412653115589298,-0.06481256303236044,-0.02044687560970554,-0.0443656874226549,,0.0025314649971111313,0.023651525972222975,0.043692502057248506,0.04838523402333437,0.02723492906439272,0.02496743051411111,4.692154687386808,1.2006506899808755e-11,3.098047219308876e-18,-8.326672684688674e-17
spectral_smooth,0.28994309649717825,0.006517057962028839,-0.06461574494711753,-0.020392547295349117,-0.04422319765176841,,0.0025314649971111313,0.023597197657866553,0.043550012286362016,0.04830883865330155,0.02719296189985708,0.024928134110194018,4.677226606368705,1.0006440120946536e-11,3.098047219308876e-18,-8.326672684688674e-17
spectral_smooth,0.34910346649038965,0.0078468070229953,-0.0643342007634986,-0.020314802245802177,-0.04401939851769643,,0.0025314649971111313,0.023519452608319613,0.043346213152290036,0.04819871494549807,0.027132436033389263,0.024871484843696688,4.65587487984217,1.1348588735415888e-11,3.098047219308876e-18,-8.326672684688674e-17
spectral_smooth,0.42033499603186003,0.009447879827811156,-0.06393355906902143,-0.02020406919249773,-0.0437294898765237,,0.0025314649971111313,0.023408719555015167,0.043056304511117305,0.048040354604628466,0.027045338515646476,0.024790014768827376,4.625499852558591,1.051014830721897e-11,3.098047219308876e-18,-8.326672684688674e-17
spectral_smooth,0.5061007003606124,0.01137563762931531,-0.06336740176598632,-0.020047302724634064,-0.043320099041352256,,0.0025314649971111313,0.0232519530871515,0.04264691367594586,0.04781339214630323,0.026920394546733464,0.024673237562731615,4.582601188193151,1.166111651684787e-11,3.098047219308876e-18,-8.326672684688674e-17
spectral_smooth,0.6093661515780331,0.013696737663043967,-0.062574629443292,-0.01982706433087872,-0.04274756511241329,,0.0025314649971111313,0.023031714693396155,0.042074379747006896,0.04748961147535448,0.026741934963044216,0.02450661910844795,4.522594815377312,9.148903856726065e-12,3.098047219308876e-18,-8.326672684688674e-17
spectral_smooth,0.7337020210097325,0.0164914379943675,-0.06147747611799226,-0.01952062436035329,-0.04195685175763897,,0.0025314649971111313,0.022725274722870725,0.041283666392232576,0.04703060146700718,0.026488550472258593,0.02427036433820848,4.439692980268313,1.864119969496869e-11,3.098047219308876e-18,-8.326672684688674e-17
spectral_smooth,0.8834075444455187,0.01985637264966246,-0.059981296700339914,-0.019099343877170716,-0.0408819528231692,,0.0025314649971111313,0.022303994239688152,0.040208767457762806,0.04638530702884587,0.026131664545325468,0.02393814745811246,4.326937080781554,6.648015471455437e-12,3.098047219308876e-18,-8.326672684688674e-17
spectral_smooth,0.8897975073614827,0.02,-0.05991372434521891,-0.019080221766398786,-0.040833502578820124,,0.0025314649971111313,0.022284872128916222,0.04016031721341373,0.0463556543964681,0.026115248125343507,0.02392287932879251,4.321853029961996,1.9095169889737917e-11,3.098047219308876e-18,-8.326672684688674e-17
spectral_smooth,1.0636591793889978,0.023907892988890636,-0.05797767186344105,-0.018528761245526604,-0.039448910617914446,,0.0025314649971111313,0.02173341160804404,0.03877572525250805,0.045488002490738144,0.025634320445874277,0.023476057956535765,4.176500577360527,1.7923662554153452e-11,3.098047219308876e-18,-8.326672684688674e-17
spectral_smooth,1.2806895945275114,0.028786090856225063,-0.055352705167760474,-0.01776999251948208,-0.037582712648278394,,0.0025314649971111313,0.020974642881999517,0.036909527282872,0.044257652050604744,0.02495073785354194,0.022842260159187396,3.9803961713213654,8.651190874786607e-12,3.098047219308876e-18,-8.326672684688674e-17
spectral_smooth,1.5420031804484677,0.03465964261961064,-0.05200219564773323,-0.016783105271259924,-0.035219090376473305,,0.0025314649971111313,0.01998775563377736,0.03454590501106691,0.042600100697639504,0.024027476029916586,0.02198811476576143,3.73169785353808,1.0077716439127471e-11,3.098047219308876e-18,-8.326672684688674e-17
spectral_smooth,1.8566355334451115,0.041731641594515013,-0.0478543718499021,-0.015532949489504178,-0.03232142236039792,,0.0025314649971111313,0.018737599852021614,0.03164823699499153,0.0404149329482586,0.022807270435177114,0.020861717650612184,3.4263041046585943,5.5928595088516886e-12,3.098047219308876e-18,-8.326672684688674e-17
spectral_smooth,2.2354658847386295,0.0502466205230774,-0.04289829363924136,-0.013997328553705723,-0.028900965085535635,,0.0025314649971111313,0.01720197891622316,0.028227779720129242,0.03760867710887296,0.021236535076958617,0.019414717349794552,3.065063115474885,1.350808354061428e-11,3.098047219308876e-18,-8.326672684688674e-17
spectral_smooth,2.6915932781688294,0.060499006929120615,-0.03721178376986051,-0.012176225951237296,-0.02503555781862321,,0.0025314649971111313,0.015380876313754732,0.02436237245321682,0.03411481723433292,0.01927678284830006,0.017612666204200742,2.655758606252787,2.5124347047267293e-11,3.098047219308876e-18,-8.326672684688674e-17
spectral_smooth,3.24078950367461,0.0728433037148986,-0.03097736856158151,-0.010099310085739388,-0.02087805847584212,,0.0025314649971111313,0.013303960448256824,0.020204873110435728,0.029918338881464345,0.016918675642151576,0.015447708320978784,2.2140472236559545,1.6854961870649277e-11,3.098047219308876e-18,-8.673617379884035e-17
spectral_smooth,3.9020444479163054,0.08770634702016734,-0.024472919059803755,-0.007828374556510531,-0.016644544503293224,,0.0025314649971111313,0.011033024919027967,0.01597135913788683,0.025078953069976893,0.014195281399720183,0.0129505908144017,1.762309132285704,1.279665262643448e-11,3.098047219308876e-18,-8.673617379884035e-17
spectral_smooth,4.698222718954851,0.10560206519091056,-0.018023622937843486,-0.005447898768626336,-0.01257572416921715,,0.0025314649971111313,0.008652549131143772,0.011902538803810758,0.019742846207970476,0.011188853274813688,0.010196743502330859,1.3256711515295443,1.122424375665787e-11,3.098047219308876e-18,-8.673617379884035e-17
spectral_smooth,5.656854249492379,0.1271492491874169,-0.011874678246817205,-0.0030173681427446697,-0.008857310104072535,,0.0025314649971111313,0.006222018505262106,0.008184124738666143,0.014138963172873584,0.008027802013970645,0.007304250152762612,0.9234481121915619,2.41978659332176e-11,3.098047219308876e-18,-8.673617379884035e-17
spectral_smooth,6.811086215835803,0.15309294888974737,-0.006203396805302519,-0.0006191211036487565,-0.0055842757016537625,,0.0025314649971111313,0.0038237714661661926,0.00491109033624737,0.008659259554586221,0.004929175373053278,0.00447493418928272,0.5661665839609857,6.758560378017364e-11,3.098047219308876e-18,-8.760353553682876e-17
spectral_smooth,8.200829187655208,0.1843302351334549,-0.0015329102052057952,0.0014246644286355914,-0.0029575746338413866,,0.0025314649971111313,0.0017799859338818447,0.0022843892684349942,0.004049738026333244,0.0023117941826033828,0.0020936120422515607,0.2779491580261938,1.5292656030396756e-10,3.098047219308876e-18,-8.760353553682876e-17
spectral_smooth,8.897975073614827,0.2,-1.2979918696809367e-05,0.002092148758102874,-0.0021051286767996835,,0.0025314649971111313,0.001112501604414562,0.0014319433113932911,0.002538006427895253,0.0014502366463904877,0.0013122556552703315,0.18436100820368242,2.2317758752166128e-10,3.098047219308876e-18,-8.760353553682876e-17
spectral_smooth,9.874137139643407,0.22194121826488805,0.001354262194845468,0.00269057784940796,-0.0013363156545624921,0.5033350717368994,0.0025314649971111313,0.0005140725131094759,0.0006631302891560997,0.0011726785399800818,0.0006701047557127001,0.000606327211100397,0.09999934233864971,3.336594334157894e-10,3.098047219308876e-18,-8.760353553682876e-17
spectral_smooth,11.888869042565947,0.2672263957632343,0.002374555404300316,0.003136157883325996,-0.0007616024790256803,0.7571542928132252,0.0025314649971111313,6.849247919143986e-05,8.841711361928795e-05,0.0001561627482173882,8.766719218513343e-05,8.055395727380565e-05,0.03695827436099308,5.92492166440195e-10,3.098047219308876e-18,-8.760353553682876e-17
spectral_smooth,14.314689487529991,0.32175162032038845,0.002444004130500055,0.0031663438180893344,-0.0007223396875892796,0.7718694718297646,0.0025314649971111313,3.830654442810166e-05,4.915432218288718e-05,8.726904560410778e-05,4.946782264744625e-05,4.5073726326721194e-05,0.03265467103281128,9.99281879465741e-10,3.098047219308876e-18,-8.760353553682876e-17
spectral_smooth,17.235477520255063,0.38740224326686284,0.00249067131595615,0.003186773832811518,-0.0006961025168553681,0.7815651334625041,0.0025314649971111313,1.787652970591802e-05,2.291715144897566e-05,4.071876023856456e-05,2.3345576250138387e-05,2.1062775082566772e-05,0.02977557877539283,1.3775844909247326e-09,3.098047219308876e-18,-8.760353553682876e-17
spectral_smooth,20.752226977050263,0.4664483054933894,0.0025272043520515597,0.003202784558149041,-0.0006755802060974814,0.7890647360658208,0.0025314649971111313,1.8658043683950076e-06,2.394840691088973e-06,4.2354258597429885e-06,2.4010303957646325e-06,2.187587139153124e-06,0.027523213632885124,1.8807427837330692e-09,3.098047219308876e-18,-8.760353553682876e-17
spectral_smooth,24.986538609151314,0.5616230300137369,0.002528150692104769,0.0032031991834192697,-0.0006750484913145005,0.7892580346521202,0.0025314649971111313,1.4511790981663886e-06,1.8631259081081097e-06,3.3124150324024467e-06,1.8874935387294578e-06,1.7120249588870324e-06,0.02746485933870918,2.39829145431969e-09,3.098047219308876e-18,-8.760353553682876e-17
spectral_smooth,30.08482474469113,0.676217330253075,0.0025300053379090914,0.0032040108887477214,-0.00067400555083863,0.7896369350036563,0.0025314649971111313,6.394737697146269e-07,8.201854322376079e-07,1.457037846325377e-06,8.329941615509766e-07,7.534015407229199e-07,0.027350418974516483,2.9845340643319673e-09,3.098047219308876e-18,-8.760353553682876e-17
spectral_smooth,36.223371875418124,0.8141936019315523,0.0025311005161086086,0.0032044907256978394,-0.0006733902095892308,0.7898604592021132,0.0025314649971111313,1.5963681959663134e-07,2.048441828383929e-07,3.6374106345642624e-07,2.0740193932987498e-07,1.880160422866279e-07,0.027282886887700086,3.758734656855722e-09,3.098047219308876e-18,-8.760353553682876e-17
spectral_smooth,43.614436220253396,0.9803227331931581,0.0025313253032285266,0.003204589168525951,-0.0006732638652974243,0.7899063405974399,0.0025314649971111313,6.119399148518667e-08,7.849989103192456e-08,1.394844714981486e-07,7.974723211049266e-08,7.212467341471929e-08,0.027269021923168046,4.820857602005901e-09,3.098047219308876e-18,-8.760353553682876e-17
spectral_smooth,44.48987536807413,1.0,0.002531323795520901,0.0032045884999443164,-0.0006732647044234152,0.7899060349136514,0.0025314649971111313,6.186257311968646e-08,7.933901702283919e-08,1.4117387570510558e-07,8.095759474909292e-08,7.302772836826785e-08,0.02726911419303757,4.921622998033115e-09,3.098047219308876e-18,-8.760353553682876e-17
spectral_smooth,52.51358303563761,1.180349070461125,0.0025314215435726095,0.003204631323940277,-0.0006732097803676673,0.7899259813949776,0.0025314649971111313,1.903857715923607e-08,2.4414961274921154e-08,4.3357610903518754e-08,2.4805628757437248e-08,2.2421402712985432e-08,0.02726308648751327,6.1686575847375025e-09,3.098047219308876e-18,-8.760353553682876e-17
spectral_smooth,63.228523448394746,1.421189044143006,0.0025314573661860407,0.003204647019711515,-0.0006731896535254744,0.7899332908165108,0.0025314649971111313,3.3428059209583694e-09,4.288119082040964e-09,7.619688298320143e-09,4.360068356430809e-09,3.940438606372366e-09,0.027260877606153505,8.050821675986697e-09,3.098047219308876e-18,-8.760353553682876e-17
spectral_smooth,76.12975436757232,1.7111703221853238,0.0025314638302971204,0.0032046498525928335,-0.0006731860222957131,0.7899346096263689,0.0025314649971111313,5.099246025430659e-10,6.568893207159476e-10,1.1643634352701175e-09,6.507061288330276e-10,6.002622461767333e-10,0.027260479072160892,1.0604992328744345e-08,3.098047219308876e-18,-8.760353553682876e-17
spectral_smooth,91.6633693778601,2.0603197608334414,0.0025314636611251107,0.0032046497771215376,-0.000673186115996427,0.7899345754402242,0.0025314649971111313,5.853958984225471e-10,7.505900345705641e-10,1.3337993650237542e-09,7.647055783031263e-10,6.899384884166006e-10,0.027260489385623476,1.4147150562138222e-08,3.098047219308876e-18,-8.760353553682876e-17
spectral_smooth,110.36648358451752,2.4807101092424357,0.002531464888448076,0.0032046503150183203,-0.0006731854265702442,0.7899348258325041,0.0025314649971111313,4.749911575174792e-11,6.116385176113681e-11,1.0763829814105388e-10,5.985448167913727e-11,5.545446071610944e-11,0.027260413719295412,1.905373969712798e-08,3.098047219308876e-18,-8.760353553682876e-17
spectral_smooth,132.88580576390686,2.9868774561518667,0.0025314648664587214,0.0032046503052953756,-0.0006731854388366543,0.7899348213674733,0.0025314649971111313,5.7222060423356425e-11,7.343026187101032e-11,1.3035854366099876e-10,7.433476556371479e-11,6.73823478289442e-11,0.02726041506747323,2.573046353759878e-08,3.098047219308876e-18,-8.760353553682876e-17
spectral_smooth,160.0,3.596323852928025,0.002531464967379715,0.0032046503494914114,-0.0006731853821116962,0.7899348419653542,0.0025314649971111313,1.3026024703322037e-11,1.6705303806929805e-11,2.971669228193411e-11,1.7016907749159274e-11,1.5369173843789193e-11,0.02726040884252698,3.4887340238931586e-08,3.098047219308876e-18,-8.760353553682876e-17
